case_id,start_time,end_time,event_count,cancer_type,priority_level,case_duration_days
C0001,2025-01-18 09:43:00,2025-03-04 12:38:00,8,Lung,Normal,45
C0002,2025-01-20 11:45:00,2025-03-10 13:23:00,8,Prostate,Normal,49
C0003,2025-01-06 11:41:00,2025-02-27 16:16:00,8,Colon,Normal,52
C0004,2025-01-28 12:32:00,2025-03-12 14:24:00,8,Colon,Normal,43
C0005,2025-02-03 11:04:00,2025-03-03 13:18:00,7,Colon,Normal,28
C0006,2025-01-22 11:12:00,2025-03-04 01:33:00,8,Lung,Normal,40
C0007,2025-01-31 08:32:00,2025-03-18 01:17:00,8,Lung,Normal,45
C0008,2025-01-12 08:42:00,2025-02-23 04:04:00,8,Breast,Normal,41
C0009,2025-01-24 14:08:00,2025-03-19 17:08:00,8,Breast,Normal,54
C0010,2025-01-14 09:49:00,2025-02-18 10:52:00,7,Breast,Normal,35
C0011,2025-02-13 12:42:00,2025-04-03 21:47:00,8,Colon,Normal,49
C0012,2025-01-31 15:26:00,2025-04-01 09:19:00,8,Lung,Normal,59
C0013,2025-02-16 13:20:00,2025-04-22 12:20:00,8,Colon,Normal,64
C0014,2025-01-30 14:37:00,2025-03-14 20:14:00,8,Prostate,Normal,43
C0015,2025-01-15 13:10:00,2025-03-11 19:07:00,8,Lung,Normal,55
C0016,2025-01-18 15:27:00,2025-02-27 17:07:00,8,Blood,Urgent,40
C0017,2025-01-21 15:35:00,2025-03-06 19:49:00,8,Prostate,Normal,44
C0018,2025-01-31 08:16:00,2025-03-22 08:42:00,8,Blood,Normal,50
C0019,2025-01-12 08:26:00,2025-03-13 16:06:00,8,Lung,Normal,60
C0020,2025-02-08 11:43:00,2025-03-29 17:40:00,8,Prostate,Normal,49
C0021,2025-01-26 15:26:00,2025-03-22 02:45:00,8,Colon,Normal,54
C0022,2025-02-05 10:55:00,2025-04-02 02:24:00,8,Prostate,Normal,55
C0023,2025-01-22 09:33:00,2025-02-26 17:58:00,8,Blood,Urgent,35
C0024,2025-01-29 10:10:00,2025-03-25 18:01:00,8,Colon,Normal,55
C0025,2025-02-06 15:53:00,2025-03-25 02:48:00,8,Prostate,Normal,46
C0026,2025-01-10 14:54:00,2025-02-16 14:54:00,8,Prostate,Urgent,37
C0027,2025-02-15 10:56:00,2025-04-02 15:50:00,8,Colon,Normal,46
C0028,2025-01-11 10:07:00,2025-03-05 05:43:00,8,Blood,Normal,52
C0029,2025-01-06 14:38:00,2025-03-05 22:23:00,8,Colon,Normal,58
C0030,2025-01-04 13:06:00,2025-02-16 09:34:00,8,Prostate,Urgent,42
C0031,2025-01-21 08:09:00,2025-03-22 16:21:00,8,Breast,Normal,60
C0032,2025-01-16 09:25:00,2025-02-17 05:10:00,7,Prostate,Normal,31
C0033,2025-01-14 13:46:00,2025-02-13 13:58:00,7,Lung,Normal,30
C0034,2025-02-02 15:58:00,2025-03-25 23:57:00,8,Lung,Normal,51
C0035,2025-01-20 10:38:00,2025-03-10 14:07:00,8,Breast,Urgent,49
C0036,2025-01-11 14:23:00,2025-02-24 18:45:00,8,Blood,Urgent,44
C0037,2025-02-03 09:58:00,2025-03-09 10:18:00,7,Colon,Normal,34
C0038,2025-02-05 09:49:00,2025-03-02 01:39:00,7,Breast,Urgent,24
C0039,2025-01-17 09:22:00,2025-03-02 19:43:00,8,Prostate,Urgent,44
C0040,2025-01-25 15:57:00,2025-03-11 20:11:00,8,Colon,Normal,45
C0041,2025-02-13 10:54:00,2025-04-09 21:51:00,8,Prostate,Normal,55
C0042,2025-02-01 09:28:00,2025-03-26 19:08:00,8,Colon,Normal,53
C0043,2025-01-22 15:43:00,2025-03-16 13:07:00,8,Blood,Normal,52
C0044,2025-02-12 11:49:00,2025-04-13 20:31:00,8,Lung,Normal,60
C0045,2025-01-26 11:55:00,2025-03-27 21:08:00,8,Lung,Normal,60
C0046,2025-01-14 09:24:00,2025-03-12 15:20:00,8,Lung,Normal,57
C0047,2025-01-09 08:38:00,2025-03-02 20:34:00,8,Colon,Normal,52
C0048,2025-02-14 15:12:00,2025-04-13 17:17:00,8,Colon,Normal,58
C0049,2025-01-04 11:03:00,2025-02-20 22:51:00,8,Blood,Normal,47
C0050,2025-01-23 10:54:00,2025-03-14 13:57:00,8,Blood,Normal,50
C0051,2025-02-11 08:42:00,2025-03-28 21:48:00,8,Blood,Normal,45
C0052,2025-02-05 15:07:00,2025-03-08 10:37:00,7,Blood,Normal,30
C0053,2025-01-10 13:57:00,2025-02-19 16:33:00,8,Prostate,Normal,40
C0054,2025-01-29 11:47:00,2025-03-31 23:23:00,8,Lung,Normal,61
C0055,2025-02-04 12:54:00,2025-03-21 23:51:00,8,Prostate,Normal,45
C0056,2025-01-27 12:24:00,2025-04-01 19:24:00,8,Blood,Normal,64
C0057,2025-01-24 10:58:00,2025-03-17 04:54:00,8,Prostate,Normal,51
C0058,2025-01-18 13:25:00,2025-03-01 12:08:00,8,Colon,Urgent,41
C0059,2025-02-07 09:19:00,2025-03-25 22:08:00,8,Lung,Urgent,46
C0060,2025-02-15 10:24:00,2025-03-29 17:50:00,8,Colon,Urgent,42
C0061,2025-01-20 09:10:00,2025-03-13 00:54:00,8,Breast,Normal,51
C0062,2025-01-26 10:43:00,2025-03-29 06:15:00,8,Colon,Normal,61
C0063,2025-02-12 13:50:00,2025-04-12 00:16:00,8,Lung,Normal,58
C0064,2025-01-08 09:43:00,2025-02-16 18:24:00,8,Lung,Urgent,39
C0065,2025-02-02 14:39:00,2025-03-28 21:30:00,8,Colon,Normal,54
C0066,2025-02-01 15:26:00,2025-03-15 10:06:00,8,Colon,Urgent,41
C0067,2025-01-06 11:13:00,2025-02-14 16:31:00,8,Colon,Urgent,39
C0068,2025-01-07 13:29:00,2025-02-24 09:23:00,8,Lung,Normal,47
C0069,2025-01-20 09:41:00,2025-03-02 17:33:00,8,Breast,Urgent,41
C0070,2025-02-13 10:28:00,2025-03-30 10:22:00,8,Breast,Normal,44
C0071,2025-02-10 13:59:00,2025-03-28 15:39:00,8,Lung,Normal,46
C0072,2025-01-06 15:39:00,2025-02-04 12:34:00,7,Breast,Normal,28
C0073,2025-01-11 09:14:00,2025-03-04 07:04:00,8,Blood,Normal,51
C0074,2025-01-14 11:29:00,2025-03-12 17:55:00,8,Prostate,Normal,57
C0075,2025-01-06 14:04:00,2025-02-05 17:50:00,8,Prostate,Urgent,30
C0076,2025-01-17 08:43:00,2025-03-03 03:40:00,8,Breast,Normal,44
C0077,2025-02-07 15:01:00,2025-04-09 23:47:00,8,Lung,Normal,61
C0078,2025-01-03 08:51:00,2025-02-02 14:35:00,7,Colon,Normal,30
C0079,2025-01-16 08:21:00,2025-03-12 19:27:00,8,Lung,Normal,55
C0080,2025-01-02 08:11:00,2025-02-20 16:07:00,8,Colon,Normal,49
C0081,2025-01-07 10:28:00,2025-02-24 18:23:00,8,Colon,Normal,48
C0082,2025-02-07 10:03:00,2025-03-29 14:44:00,8,Lung,Normal,50
C0083,2025-01-24 11:35:00,2025-03-07 14:34:00,8,Lung,Normal,42
C0084,2025-01-18 14:07:00,2025-03-02 15:51:00,8,Prostate,Normal,43
C0085,2025-02-01 11:08:00,2025-03-24 12:59:00,8,Colon,Normal,51
C0086,2025-01-19 14:40:00,2025-02-28 17:23:00,8,Colon,Normal,40
C0087,2025-02-16 14:54:00,2025-03-30 07:23:00,8,Colon,Normal,41
C0088,2025-01-03 13:46:00,2025-02-15 04:14:00,8,Prostate,Normal,42
C0089,2025-02-14 14:03:00,2025-04-11 20:45:00,8,Blood,Normal,56
C0090,2025-01-01 08:43:00,2025-02-20 10:24:00,8,Breast,Normal,50
C0091,2025-02-15 14:56:00,2025-04-16 07:12:00,8,Breast,Normal,59
C0092,2025-01-13 12:10:00,2025-02-13 14:40:00,8,Colon,Urgent,31
C0093,2025-02-12 13:57:00,2025-03-29 18:06:00,8,Lung,Urgent,45
C0094,2025-01-29 13:00:00,2025-03-12 20:09:00,8,Lung,Urgent,42
C0095,2025-02-01 15:47:00,2025-03-29 01:43:00,8,Blood,Normal,55
C0096,2025-02-01 09:16:00,2025-03-15 13:38:00,8,Lung,Urgent,42
C0097,2025-01-23 10:08:00,2025-03-19 22:27:00,8,Breast,Normal,55
C0098,2025-01-12 10:53:00,2025-03-13 10:03:00,8,Lung,Normal,59
C0099,2025-01-12 10:11:00,2025-03-14 09:28:00,8,Breast,Normal,60
C0100,2025-01-20 08:07:00,2025-03-14 11:37:00,8,Colon,Normal,53
C0101,2025-02-15 09:03:00,2025-04-07 09:46:00,8,Breast,Normal,51
C0102,2025-01-27 10:19:00,2025-03-19 11:24:00,8,Breast,Normal,51
C0103,2025-02-09 13:31:00,2025-03-28 18:41:00,8,Breast,Normal,47
C0104,2025-01-02 14:49:00,2025-03-03 21:56:00,8,Lung,Normal,60
C0105,2025-02-13 14:30:00,2025-04-10 16:18:00,8,Colon,Normal,56
C0106,2025-01-08 15:13:00,2025-02-15 11:58:00,8,Prostate,Urgent,37
C0107,2025-02-14 09:14:00,2025-04-03 02:52:00,8,Blood,Normal,47
C0108,2025-01-06 12:12:00,2025-02-26 18:34:00,8,Prostate,Urgent,51
C0109,2025-01-29 09:13:00,2025-04-02 05:42:00,8,Lung,Normal,62
C0110,2025-02-14 08:23:00,2025-04-14 18:06:00,8,Blood,Normal,59
C0111,2025-02-04 15:24:00,2025-03-15 22:49:00,8,Blood,Urgent,39
C0112,2025-01-13 12:13:00,2025-03-12 05:12:00,8,Breast,Normal,57
C0113,2025-02-14 14:37:00,2025-04-11 03:12:00,8,Blood,Normal,55
C0114,2025-01-10 15:19:00,2025-03-11 23:39:00,8,Breast,Normal,60
C0115,2025-01-30 10:40:00,2025-03-14 00:08:00,8,Prostate,Normal,42
C0116,2025-02-03 09:16:00,2025-03-16 16:14:00,8,Lung,Urgent,41
C0117,2025-01-10 10:22:00,2025-02-28 22:31:00,8,Colon,Normal,49
C0118,2025-01-19 11:20:00,2025-03-10 16:43:00,8,Prostate,Normal,50
C0119,2025-02-15 11:47:00,2025-04-05 10:50:00,8,Lung,Urgent,48
C0120,2025-01-07 08:03:00,2025-03-03 18:54:00,8,Breast,Normal,55
C0121,2025-01-18 08:49:00,2025-03-10 16:17:00,8,Prostate,Normal,51
C0122,2025-01-24 08:59:00,2025-03-11 17:29:00,8,Blood,Normal,46
C0123,2025-01-11 13:42:00,2025-02-01 14:48:00,7,Prostate,Urgent,21
C0124,2025-01-22 10:06:00,2025-03-09 08:24:00,8,Breast,Normal,45
C0125,2025-02-10 08:19:00,2025-03-23 16:44:00,8,Blood,Urgent,41
C0126,2025-02-09 11:04:00,2025-03-28 02:28:00,8,Blood,Normal,46
C0127,2025-01-31 11:13:00,2025-03-21 15:34:00,8,Lung,Normal,49
C0128,2025-02-15 12:21:00,2025-04-06 15:49:00,8,Prostate,Normal,50
C0129,2025-01-09 10:19:00,2025-02-10 05:36:00,7,Breast,Normal,31
C0130,2025-02-01 13:11:00,2025-04-04 15:42:00,8,Lung,Normal,62
C0131,2025-01-03 14:47:00,2025-02-19 14:19:00,8,Prostate,Normal,46
C0132,2025-01-07 10:24:00,2025-03-05 13:36:00,8,Prostate,Normal,57
C0133,2025-01-02 11:03:00,2025-02-04 14:28:00,7,Lung,Normal,33
C0134,2025-02-15 14:33:00,2025-04-20 19:28:00,8,Prostate,Normal,64
C0135,2025-02-10 12:16:00,2025-04-02 05:15:00,8,Colon,Normal,50
C0136,2025-01-03 13:04:00,2025-02-17 02:15:00,8,Colon,Normal,44
C0137,2025-02-01 13:09:00,2025-03-26 18:12:00,8,Breast,Normal,53
C0138,2025-01-08 13:17:00,2025-03-09 18:36:00,8,Blood,Normal,60
C0139,2025-01-16 13:25:00,2025-03-17 14:45:00,8,Prostate,Normal,60
C0140,2025-02-07 13:34:00,2025-03-25 14:35:00,8,Breast,Urgent,46
C0141,2025-02-14 13:05:00,2025-04-06 04:32:00,8,Colon,Normal,50
C0142,2025-01-05 15:42:00,2025-03-06 15:37:00,8,Breast,Normal,59
C0143,2025-01-18 09:15:00,2025-02-24 06:20:00,8,Blood,Urgent,36
C0144,2025-01-19 12:54:00,2025-03-06 08:50:00,8,Breast,Normal,45
C0145,2025-01-31 14:43:00,2025-03-15 23:34:00,8,Prostate,Normal,43
C0146,2025-01-01 15:22:00,2025-02-06 21:15:00,8,Lung,Urgent,36
C0147,2025-01-17 15:59:00,2025-03-20 18:05:00,8,Lung,Normal,62
C0148,2025-01-26 11:00:00,2025-03-11 21:03:00,8,Prostate,Normal,44
C0149,2025-01-02 15:24:00,2025-02-10 14:03:00,8,Breast,Normal,38
C0150,2025-01-07 09:52:00,2025-01-27 12:26:00,7,Colon,Urgent,20
C0151,2025-02-10 08:56:00,2025-03-24 10:48:00,8,Lung,Urgent,42
C0152,2025-01-13 15:31:00,2025-03-08 06:33:00,8,Breast,Normal,53
C0153,2025-01-28 11:04:00,2025-03-23 15:15:00,8,Lung,Normal,54
C0154,2025-01-15 12:00:00,2025-03-09 08:49:00,8,Blood,Normal,52
C0155,2025-01-30 14:11:00,2025-03-18 13:28:00,8,Blood,Normal,46
C0156,2025-02-07 11:20:00,2025-04-04 11:08:00,8,Lung,Normal,55
C0157,2025-01-31 08:18:00,2025-03-17 17:09:00,8,Blood,Urgent,45
C0158,2025-01-09 10:28:00,2025-03-09 09:04:00,8,Breast,Normal,58
C0159,2025-01-02 15:22:00,2025-03-09 17:13:00,8,Blood,Normal,66
C0160,2025-01-29 10:53:00,2025-03-21 17:35:00,8,Colon,Normal,51
C0161,2025-02-13 10:31:00,2025-03-29 17:58:00,8,Prostate,Normal,44
C0162,2025-02-08 13:52:00,2025-03-18 05:32:00,8,Breast,Urgent,37
C0163,2025-01-22 08:47:00,2025-03-01 04:49:00,8,Blood,Urgent,37
C0164,2025-01-11 13:22:00,2025-03-06 12:36:00,8,Colon,Normal,53
C0165,2025-01-24 09:20:00,2025-03-15 11:32:00,8,Blood,Normal,50
C0166,2025-02-09 09:14:00,2025-04-03 15:16:00,8,Breast,Normal,53
C0167,2025-01-13 15:32:00,2025-03-05 06:48:00,8,Prostate,Urgent,50
C0168,2025-01-18 13:49:00,2025-03-20 16:17:00,8,Blood,Normal,61
C0169,2025-01-22 13:36:00,2025-03-24 18:48:00,8,Prostate,Normal,61
C0170,2025-02-11 14:42:00,2025-03-31 04:34:00,8,Colon,Urgent,47
C0171,2025-02-08 09:09:00,2025-03-29 17:01:00,8,Breast,Normal,49
C0172,2025-02-03 15:56:00,2025-03-17 17:07:00,8,Blood,Urgent,42
C0173,2025-02-12 11:16:00,2025-04-04 03:22:00,8,Lung,Urgent,50
C0174,2025-02-03 13:29:00,2025-04-06 15:07:00,8,Breast,Normal,62
C0175,2025-02-06 11:58:00,2025-03-16 19:36:00,8,Prostate,Urgent,38
C0176,2025-01-02 11:39:00,2025-02-08 18:11:00,8,Prostate,Urgent,37
C0177,2025-01-22 09:20:00,2025-03-18 20:21:00,8,Blood,Normal,55
C0178,2025-02-16 15:07:00,2025-04-09 03:44:00,8,Lung,Normal,51
C0179,2025-01-23 13:46:00,2025-03-27 17:49:00,8,Blood,Normal,63
C0180,2025-02-09 13:39:00,2025-04-03 14:15:00,8,Prostate,Normal,53
C0181,2025-02-07 12:37:00,2025-03-29 18:48:00,8,Prostate,Normal,50
C0182,2025-02-08 13:44:00,2025-03-19 16:07:00,8,Prostate,Urgent,39
C0183,2025-01-08 14:54:00,2025-03-12 20:23:00,8,Lung,Normal,63
C0184,2025-02-13 15:51:00,2025-03-19 15:42:00,8,Prostate,Urgent,33
C0185,2025-01-03 10:54:00,2025-02-02 17:07:00,8,Colon,Urgent,30
C0186,2025-01-12 14:23:00,2025-03-19 16:53:00,8,Colon,Normal,66
C0187,2025-01-21 12:57:00,2025-03-14 19:37:00,8,Blood,Urgent,52
C0188,2025-02-02 09:28:00,2025-03-25 00:33:00,8,Colon,Normal,50
C0189,2025-01-17 15:44:00,2025-03-01 13:37:00,8,Blood,Urgent,42
C0190,2025-01-10 08:59:00,2025-03-04 14:11:00,8,Lung,Urgent,53
C0191,2025-02-13 09:55:00,2025-03-12 08:19:00,7,Colon,Normal,26
C0192,2025-01-13 14:16:00,2025-03-03 13:43:00,8,Lung,Normal,48
C0193,2025-01-27 14:40:00,2025-03-28 22:23:00,8,Colon,Normal,60
C0194,2025-02-05 09:25:00,2025-03-31 21:02:00,8,Colon,Normal,54
C0195,2025-01-24 13:24:00,2025-03-20 18:58:00,8,Prostate,Normal,55
C0196,2025-02-06 09:37:00,2025-04-07 14:01:00,8,Breast,Normal,60
C0197,2025-01-13 11:44:00,2025-02-24 06:21:00,8,Colon,Normal,41
C0198,2025-01-04 08:19:00,2025-02-21 11:10:00,8,Lung,Urgent,48
C0199,2025-01-29 08:03:00,2025-03-24 12:37:00,8,Prostate,Normal,54
C0200,2025-01-03 11:44:00,2025-02-20 07:47:00,8,Breast,Normal,47
